﻿<?xml version="1.0" encoding="utf-8" standalone="no" ?>
<modDesc descVersion="30">
    <author>Balu</author>
	<title>
		<en>LocoDrive</en>
		<de>LocoDrive</de>
	</title>
	<description>
		<en>
<![CDATA[ToDO
]]>
		</en>
		<de>
<![CDATA[ToDO
]]>
	   </de>
	</description>
    <version>1.0</version>
	<multiplayer supported="true"/>   
	<iconFilename>store.dds</iconFilename>
    <extraSourceFiles>
        <sourceFile filename="register.lua" />
    </extraSourceFiles>
	<l10n>
		<text name="UNKNOWN">	           						<en>Unknown</en>         						<de>Unbekannt</de>		        			</text>
		<text name="input_LDEnDisable"> 						<en>LD: En/Disable</en> 						<de>LD: Ein/Ausschalten</de>				</text>


	</l10n>
	
	<inputBindings>			
		<input name="LDEnDisable" 						category="VEHICLE" key1="KEY_lctrl KEY_down"   			key2="" button="" device="0" mouse="" />		
    </inputBindings>
	
</modDesc>

