﻿<?xml version="1.0" encoding="utf-8" standalone="no" ?>
<modDesc descVersion="30">
    <author>Balu</author>
	<title>
		<en>GlobalMarket</en>
		<de>GlobalMarket</de>
	</title>
	<description>
		<en>
<![CDATA[ToDO
]]>
		</en>
		<de>
<![CDATA[ToDO
]]>
	   </de>
	</description>
    <version>0.9.1</version>
	<multiplayer supported="true"/>   
	<iconFilename>store.dds</iconFilename>
    <extraSourceFiles>
        <sourceFile filename="GlobalMarket.lua" />
    </extraSourceFiles>
	<l10n>
		<text name="input_GMChat"> 						<en>GM: Chat</en> 						<de>GM: Chat</de>				</text>

	</l10n>
	
	<inputBindings>
		<input name="GMChat" 						category="VEHICLE" key1="KEY_lctrl KEY_t"   			key2="" button="" device="0" mouse="" />
    </inputBindings>
	
</modDesc>

