﻿<?xml version="1.0" encoding="utf-8" standalone="no" ?>
<modDesc descVersion="30">
    <author>Balu</author>
	<title>
		<en>GlobalMarket</en>
		<de>GlobalMarket</de>
	</title>
	<description>
		<en>
<![CDATA[ToDO
]]>
		</en>
		<de>
<![CDATA[ToDO
]]>
	   </de>
	</description>
    <version>0.8.5</version>
	<multiplayer supported="true"/>   
	<iconFilename>store.dds</iconFilename>
    <extraSourceFiles>
        <sourceFile filename="GlobalMarket.lua" />
    </extraSourceFiles>
	<l10n>

	</l10n>
	
	<inputBindings>			
    </inputBindings>
	
</modDesc>

