<data>
    <timestamp stamp="1" />
    <hub name="global">global</hub>
    <server name="127.0.0.1" />
    <commodities>
       <commodity_1>
            <name>wheat</name>
            <price>480</price>
            <amount>0</amount>
            <bought>0</bought>
            <sold>0</sold>
        </commodity_1>
        <commodity_2>
            <name>barley</name>
            <price>480</price>
            <amount>0</amount>
            <bought>0</bought>
            <sold>0</sold>
        </commodity_2>
        <commodity_3>
            <name>rape</name>
            <price>900</price>
            <amount>0</amount>
            <bought>0</bought>
            <sold>0</sold>
        </commodity_3>
        <commodity_4>
            <name>sunflower</name>
            <price>900</price>
            <amount>0</amount>
            <bought>0</bought>
            <sold>0</sold>
        </commodity_4>
        <commodity_5>
            <name>soybean</name>
            <price>900</price>
            <amount>0</amount>
            <bought>0</bought>
            <sold>0</sold>
        </commodity_5>
        <commodity_6>
            <name>maize</name>
            <price>550</price>
            <amount>0</amount>
            <bought>0</bought>
            <sold>0</sold>
        </commodity_6>
        <commodity_7>
            <name>potato</name>
            <price>250</price>
            <amount>0</amount>
            <bought>0</bought>
            <sold>0</sold>
        </commodity_7>
        <commodity_8>
            <name>sugarBeet</name>
            <price>210</price>
            <amount>0</amount>
            <bought>0</bought>
            <sold>0</sold>
        </commodity_8>
        <commodity_9>
            <name>grass</name>
            <price>60</price>
            <amount>0</amount>
            <bought>0</bought>
            <sold>0</sold>
        </commodity_9>
        <commodity_10>
            <name>dryGrass_windrow</name>
            <price>60</price>
            <amount>0</amount>
            <bought>0</bought>
            <sold>0</sold>
        </commodity_10>
        <commodity_11>
            <name>forage</name>
            <price>310</price>
            <amount>0</amount>
            <bought>0</bought>
            <sold>0</sold>
        </commodity_11>
        <commodity_12>
            <name>chaff</name>
            <price>230</price>
            <amount>0</amount>
            <bought>0</bought>
            <sold>0</sold>
        </commodity_12>
        <commodity_13>
            <name>silage</name>
            <price>320</price>
            <amount>0</amount>
            <bought>0</bought>
            <sold>0</sold>
        </commodity_13>
        <commodity_14>
            <name>straw</name>
            <price>60</price>
            <amount>0</amount>
            <bought>0</bought>
            <sold>0</sold>
        </commodity_14>
        <commodity_15>
            <name>pigFood</name>
            <price>600</price>
            <amount>0</amount>
            <bought>0</bought>
            <sold>0</sold>
        </commodity_15>
        <commodity_16>
            <name>grass_windrow</name>
            <price>60</price>
            <amount>0</amount>
            <bought>0</bought>
            <sold>0</sold>
        </commodity_16>
        <commodity_17>
            <name>dryGrass_windrow</name>
            <price>60</price>
            <amount>0</amount>
            <bought>0</bought>
            <sold>0</sold>
        </commodity_17>
    </commodities>
</data>